id,name
1,Knox Hendricks
2,Basil Richmond
3,Bryar Collins
4,Amethyst Valenzuela
5,Nita Richard
6,Jared Berger
7,Kadeem Miles
8,Quyn Padilla
9,Jasper Mayo
10,Simone Logan
11,Kylan Gillespie
12,Hillary Crosby
13,Ingrid Gibbs
14,Deacon Bullock
15,Ian Mathews
16,Brent Jones
17,Lael Townsend
18,Knox Dejesus
19,Benedict Christian
20,Elmo Charles
21,Jacob Foreman
22,Isaiah Cannon
23,Zachary Coffey
24,Camilla Cunningham
25,Tobias Parsons
26,Whitney Dickson
27,Emerson Doyle
28,Quemby Robles
29,Gray Collier
30,Fletcher Curtis
31,Gary Figueroa
32,Jack Fields
33,Hyatt House
34,Cailin Schwartz
35,Stephen Lucas
36,Moana Shepard
37,Hamish Rodriguez
38,Salvador Mosley
39,Bradley Peters
40,Aurora Blackwell
41,Erica Harding
42,Dylan Bruce
43,Hamish Olsen
44,Calvin Ratliff
45,Drake Garcia
46,Reece Odom
47,Giacomo Wiley
48,Colby Hodge
49,Gregory Miller
50,Kenneth Berry
51,Sean Spence
52,Elliott Long
53,Yoshio Langley
54,Cameron Mckinney
55,Kylan Boyd
56,Galvin Beard
57,Karyn Casey
58,Eagan Martin
59,Reed Mayo
60,Raja Frost
61,Wendy Acevedo
62,Reese Scott
63,India Soto
64,Summer Dickson
65,Cleo O'donnell
66,Dahlia Solis
67,Christopher Case
68,Nasim Simmons
69,Oprah Hoffman
70,Lillith Jacobson
71,Nissim Koch
72,Lisandra Preston
73,Harlan Neal
74,Stella Kent
75,Alexis Cash
76,Xanthus Glass
77,Yeo Salinas
78,Kamal Mcleod
79,Ginger Blankenship
80,Bertha Chase
81,Ezekiel Townsend
82,Uriah Saunders
83,Linda Gregory
84,Xenos Bauer
85,James Green
86,Brenda Hamilton
87,Stacy Huffman
88,Nerea Levine
89,Deborah Hansen
90,Alice Kirkland
91,Sylvia Baxter
92,Blossom Bowers
93,Petra Delaney
94,Dawn Hyde
95,Porter Dixon
96,Britanney Gonzales
97,Inga Espinoza
98,Caleb Moss
99,Lester Wooten
100,Kiara Drake
